{"6_hard_full": [[0.0, -2e-05, 0.008547008547008548, 0.3076923076923077, -1e-05, 0.008547008547008548], [0.008547008547008548, -2e-05, -1e-05, -2e-05, 0.008547008547008548, 0.0], [0.0, -1e-05, 0.29914529914529914, 0.1111111111111111, 0.008547008547008548, 0.0], [0.06837606837606838, -1e-05, 0.06837606837606838, -2e-05, 0.008547008547008548, 0.0], [0.0, -1e-05, 0.03418803418803419, 0.017094017094017096, 0.0, 0.017094017094017096], [0.0, -2e-05, 0.008547008547008548, 0.017094017094017096, -2e-05, 0.0]], "6_hard_pruned": [[0.0, -2e-05, 0.25471698113207547, -1e-05, -1e-05, 0.04716981132075472], [0.009433962264150943, -2e-05, -1e-05, -2e-05, 0.02830188679245283, 0.0], [0.02830188679245283, -1e-05, 0.2830188679245283, 0.12264150943396226, 0.02830188679245283, 0.0], [-2e-05, -1e-05, 0.08490566037735849, -2e-05, 0.0, 0.0], [0.018867924528301886, -1e-05, 0.05660377358490566, 0.009433962264150943, 0.0, 0.0], [0.009433962264150943, -2e-05, 0.009433962264150943, 0.009433962264150943, -2e-05, 0.0]], "10_hard_full": [[0.0, 0.0, 0.0, -2e-05, 0.0, 0.0, 0.0, 0.0, 0.0, 0.0], [0.0, 0.0, 0.0, -1e-05, 0.0, -2e-05, 0.0, 0.0, 0.0, 0.0], [0.0, -2e-05, -2e-05, 0.05, 0.35, -1e-05, -1e-05, 0.0125, -2e-05, 0.0], [0.025, 0.0, -2e-05, -1e-05, -2e-05, 0.0, 0.0, 0.0, 0.0, 0.0], [0.025, -1e-05, -1e-05, 0.1625, 0.0375, 0.0, 0.0, 0.0, 0.0, 0.0], [0.025, -1e-05, -1e-05, 0.0125, -2e-05, 0.0, 0.0, 0.0, 0.0, 0.0], [0.0625, 0.025, -1e-05, 0.0625, -2e-05, 0.0, 0.0, 0.0, 0.0, 0.0], [0.0, 0.025, -1e-05, 0.05, 0.0125, 0.0, 0.0, 0.0, 0.0, 0.0], [0.0, 0.0, -2e-05, 0.05, 0.0125, -2e-05, -2e-05, 0.0, 0.0, 0.0], [0.0, 0.0, 0.0, 0.0, -1e-05, 0.0, 0.0, 0.0, 0.0, 0.0]], "10_hard_pruned": [[0.0, 0.0, 0.0, -2e-05, 0.0, 0.0, 0.0, 0.0, 0.0, 0.0], [0.0, 0.0, 0.0, -1e-05, 0.0, -2e-05, 0.0, 0.0, 0.0, 0.0], [0.0, -2e-05, -2e-05, 0.39080459770114945, -1e-05, -1e-05, -1e-05, 0.034482758620689655, -2e-05, 0.0], [0.0, 0.0, -2e-05, -1e-05, -2e-05, 0.10344827586206896, 0.0, 0.0, 0.0, 0.0], [0.0, -1e-05, -1e-05, 0.21839080459770116, 0.022988505747126436, 0.0, 0.0, 0.011494252873563218, 0.0, 0.0], [0.0, -1e-05, -1e-05, 0.04597701149425287, -2e-05, 0.0, 0.0, 0.0, 0.0, 0.0], [-2e-05, 0.011494252873563218, -1e-05, 0.034482758620689655, -2e-05, 0.0, 0.0, 0.0, 0.0, 0.0], [0.0, 0.0, -1e-05, 0.034482758620689655, 0.011494252873563218, 0.0, 0.0, 0.0, 0.0, 0.0], [0.0, 0.0, -2e-05, 0.022988505747126436, 0.022988505747126436, -2e-05, -2e-05, 0.0, 0.0, 0.0], [0.0, 0.0, 0.0, 0.011494252873563218, -1e-05, 0.022988505747126436, 0.0, 0.0, 0.0, 0.0]], "6_easy_full": [[0.0, -1e-05, 0.09375, -2e-05, 0.010416666666666666, 0.0], [0.010416666666666666, -2e-05, -1e-05, -1e-05, 0.2708333333333333, 0.16666666666666666], [-1e-05, -2e-05, -2e-05, -2e-05, -1e-05, 0.07291666666666667], [-2e-05, 0.09375, -1e-05, -1e-05, -2e-05, 0.21875], [-1e-05, 0.020833333333333332, -2e-05, -2e-05, 0.010416666666666666, 0.010416666666666666], [0.010416666666666666, 0.0, 0.0, 0.0, 0.0, 0.010416666666666666]], 
"6_easy_pruned": 
[[0.012658227848101266, -1e-05, -2e-05, -2e-05, 0.012658227848101266, 0.02531645569620253], 
[0.0, -2e-05, -1e-05, -1e-05, 0.22784810126582278, 0.3924050632911392], 
[-1e-05, -2e-05, -2e-05, -2e-05, -1e-05, 0.13924050632911392], 
[-2e-05, 0.02531645569620253, -1e-05, -1e-05, -2e-05, -1e-05], 
[-1e-05, 0.02531645569620253, -2e-05, -2e-05, 0.012658227848101266, 0.0759493670886076], 
[0.012658227848101266, 0.0, 0.02531645569620253, 0.0, 0.012658227848101266, 0.0]],


 "10_easy_full": [[0.0, 0.0, 0.0, 0.0, -1e-05, 0.14893617021276595, -2e-05, 0.0, 0.0, 0.0], [0.0, 0.0, 0.0, 0.0, -2e-05, -1e-05, -1e-05, -1e-05, 0.1702127659574468, 0.0851063829787234], [0.0, 0.0, 0.010638297872340425, -1e-05, -2e-05, -2e-05, -2e-05, -1e-05, 0.05319148936170213, 0.0], [0.0, 0.0, 0.0, -2e-05, -2e-05, -1e-05, -1e-05, -2e-05, -1e-05, -1e-05], [-2e-05, 0.0, 0.0, -1e-05, 0.031914893617021274, -2e-05, -2e-05, 0.031914893617021274, 0.010638297872340425, 0.1276595744680851], [-1e-05, 0.010638297872340425, 0.010638297872340425, 0.02127659574468085, 0.031914893617021274, 0.010638297872340425, 0.0, 0.0, 0.010638297872340425, 0.0], [-1e-05, -1e-05, 0.05319148936170213, 0.010638297872340425, 0.031914893617021274, 0.0425531914893617, 0.02127659574468085, 0.0, 0.0, 0.0], [-2e-05, -2e-05, 0.031914893617021274, 0.0, 0.0, 0.0425531914893617, -1e-05, 0.0, 0.0, 0.0], [0.0, 0.0, 0.0, 0.0, 0.0, 0.0, -1e-05, 0.0, 0.0, 0.0], [0.0, 0.0, 0.0, 0.0, 0.0, -2e-05, -2e-05, -2e-05, 0.0, 0.0]], "10_easy_pruned": [[0.0, 0.0, 0.0, 0.0, -1e-05, -2e-05, -2e-05, 0.022988505747126436, 0.0, 0.0], [0.0, 0.0, 0.0, 0.011494252873563218, -2e-05, -1e-05, -1e-05, -1e-05, 0.25287356321839083, 0.22988505747126436], [0.0, 0.0, 0.0, -1e-05, -2e-05, -2e-05, -2e-05, -1e-05, 0.022988505747126436, 0.08045977011494253], [0.0, 0.0, 0.0, -2e-05, -2e-05, -1e-05, -1e-05, -2e-05, -1e-05, -1e-05], [-2e-05, 0.0, 0.0, -1e-05, 0.034482758620689655, -2e-05, -2e-05, 0.022988505747126436, 0.011494252873563218, -1e-05], [-1e-05, 0.0, 0.011494252873563218, 0.011494252873563218, 0.011494252873563218, 0.0, 0.0, 0.0, 0.011494252873563218, 0.08045977011494253], [-1e-05, -1e-05, 0.04597701149425287, 0.034482758620689655, 0.0, 0.022988505747126436, 0.0, 0.0, 0.0, 0.0], [-2e-05, -2e-05, 0.011494252873563218, 0.0, 0.0, 0.011494252873563218, -1e-05, 0.0, 0.0, 0.011494252873563218], [0.0, 0.0, 0.0, 0.0, 0.0, 0.04597701149425287, -1e-05, 0.0, 0.0, 0.0], [0.0, 0.0, 0.0, 0.0, 0.0, -2e-05, -2e-05, -2e-05, 0.0, 0.0]], "10_medium_full": [[0.0, 0.0, 0.0, 0.0, 0.0, 0.0, 0.0, 0.0, 0.0, 0.0], [0.0, 0.0, 0.0, 0.0, 0.0, 0.0, 0.0, 0.0, 0.0, 0.0], [0.0, 0.0, -1e-05, 0.011363636363636364, 0.0, -2e-05, 0.0, 0.0, 0.0, 0.0], [0.011363636363636364, 0.0, 0.13636363636363635, -1e-05, -1e-05, 0.045454545454545456, 0.011363636363636364, 0.0, 0.0, 0.0], [0.0, 0.011363636363636364, 0.045454545454545456, 0.17045454545454544, -2e-05, -2e-05, -2e-05, -1e-05, -2e-05, 0.0], [0.0, 0.0, 0.2727272727272727, 0.045454545454545456, 0.011363636363636364, -1e-05, -2e-05, -2e-05, 0.0, 0.0], [0.0, 0.0, 0.0, -1e-05, 0.056818181818181816, -2e-05, 0.0, 0.0, 0.0, 0.0], [0.0, 0.0, 0.011363636363636364, 0.11363636363636363, -1e-05, -1e-05, 0.011363636363636364, 0.011363636363636364, 0.0, 0.0], [0.0, 0.0, 0.0, 0.0, 0.011363636363636364, -1e-05, 0.011363636363636364, 0.0, 0.0, 0.0], [0.0, 0.0, 0.0, 0.0, 0.0, 0.0, -2e-05, 0.0, 0.0, 0.0]], "10_medium_pruned": [[0.0, 0.0, 0.0, 0.0, 0.0, 0.0, 0.0, 0.0, 0.0, 0.0], [0.0, 0.0, 0.012345679012345678, 0.0, 0.0, 0.0, 0.0, 0.0, 0.0, 0.0], [0.0, 0.0, -1e-05, 0.0, 0.012345679012345678, -2e-05, 0.0, 0.0, 0.0, 0.0], [0.1111111111111111, 0.13580246913580246, -1e-05, -1e-05, -1e-05, -2e-05, 0.0, 0.0, 0.0, 0.0], [0.0, 0.06172839506172839, 0.07407407407407407, 0.024691358024691357, -2e-05, -2e-05, -2e-05, -1e-05, -2e-05, 0.0], [0.0, 0.0, 0.38271604938271603, 0.012345679012345678, 0.0, -1e-05, -2e-05, -2e-05, 0.0, 0.0], [0.0, 0.0, 0.0, -1e-05, 0.012345679012345678, -2e-05, 0.0, 0.0, 0.012345679012345678, 0.0], [0.0, 0.0, 0.024691358024691357, 0.07407407407407407, -1e-05, -1e-05, 0.037037037037037035, 0.0, 0.0, 0.0], [0.0, 0.0, 0.0, 0.0, 0.012345679012345678, -1e-05, 0.0, 0.0, 0.0, 0.0], [0.0, 0.0, 0.0, 0.0, 0.0, 0.0, -2e-05, 0.0, 0.0, 0.0]]}